<?xml version="1.0"?>

<root>
	<header available-locales="ar_SA,eu_ES,bg_BG,ca_AD,ca_ES,zh_CN,zh_TW,hr_HR,cs_CZ,da_DK,nl_NL,nl_BE,en_US,en_GB,et_EE,fi_FI,fr_FR,gl_ES,de_DE,el_GR,iw_IL,hi_IN,hu_HU,in_ID,it_IT,ja_JP,ko_KR,lo_LA,nb_NO,fa_IR,pl_PL,pt_BR,pt_PT,ro_RO,ru_RU,sr_RS,sr_RS_latin,sl_SI,sk_SK,es_ES,sv_SE,tr_TR,uk_UA,vi_VN" build-number="6102" export-date="Sun, 29 Dec 2013 21:23:43 +0000" company-group-id="10191" group-id="10339" private-layout="true" type-uuid="2ac02c8b-a78d-4bbf-b257-d165a7b28a70" type="layout-set-prototype" theme-id="classic" color-scheme-id="01">
		<settings><![CDATA[]]></settings>
		<css><![CDATA[]]></css>
	</header>
	<layouts>
		<layout layout-uuid="daa2231b-0eb4-43de-8070-055224b2e8c9" layout-id="1" path="/groups/10339/layouts/1/layout.xml">
			<permissions>
				<role name="User" title="" description="&lt;?xml version='1.0' encoding='UTF-8'?&gt;&lt;root available-locales=&quot;en_US&quot; default-locale=&quot;en_US&quot;&gt;&lt;Description language-id=&quot;en_US&quot;&gt;Authenticated users should be assigned this role.&lt;/Description&gt;&lt;/root&gt;" type="1" subType=""/>
				<role name="Owner" title="" description="&lt;?xml version='1.0' encoding='UTF-8'?&gt;&lt;root available-locales=&quot;en_US&quot; default-locale=&quot;en_US&quot;&gt;&lt;Description language-id=&quot;en_US&quot;&gt;This is an implied role with respect to the objects users create.&lt;/Description&gt;&lt;/root&gt;" type="1" subType="">
					<action-key>UPDATE</action-key>
					<action-key>ADD_LAYOUT</action-key>
					<action-key>PERMISSIONS</action-key>
					<action-key>DELETE</action-key>
					<action-key>VIEW</action-key>
					<action-key>CUSTOMIZE</action-key>
					<action-key>CONFIGURE_PORTLETS</action-key>
					<action-key>UPDATE_DISCUSSION</action-key>
					<action-key>DELETE_DISCUSSION</action-key>
					<action-key>ADD_DISCUSSION</action-key>
				</role>
				<role name="Power User" title="" description="&lt;?xml version='1.0' encoding='UTF-8'?&gt;&lt;root available-locales=&quot;en_US&quot; default-locale=&quot;en_US&quot;&gt;&lt;Description language-id=&quot;en_US&quot;&gt;Power Users have their own personal site.&lt;/Description&gt;&lt;/root&gt;" type="1" subType=""/>
				<role name="Guest" title="" description="&lt;?xml version='1.0' encoding='UTF-8'?&gt;&lt;root available-locales=&quot;en_US&quot; default-locale=&quot;en_US&quot;&gt;&lt;Description language-id=&quot;en_US&quot;&gt;Unauthenticated users always have this role.&lt;/Description&gt;&lt;/root&gt;" type="1" subType="">
					<action-key>VIEW</action-key>
				</role>
				<role name="Site Owner" title="" description="&lt;?xml version='1.0' encoding='UTF-8'?&gt;&lt;root available-locales=&quot;en_US&quot; default-locale=&quot;en_US&quot;&gt;&lt;Description language-id=&quot;en_US&quot;&gt;Site Owners are super users of their site and can assign site roles to users.&lt;/Description&gt;&lt;/root&gt;" type="2" subType=""/>
				<role name="Site Administrator" title="" description="&lt;?xml version='1.0' encoding='UTF-8'?&gt;&lt;root available-locales=&quot;en_US&quot; default-locale=&quot;en_US&quot;&gt;&lt;Description language-id=&quot;en_US&quot;&gt;Site Administrators are super users of their site but cannot make other users into Site Administrators.&lt;/Description&gt;&lt;/root&gt;" type="2" subType=""/>
				<role name="Site Member" title="" description="&lt;?xml version='1.0' encoding='UTF-8'?&gt;&lt;root available-locales=&quot;en_US&quot; default-locale=&quot;en_US&quot;&gt;&lt;Description language-id=&quot;en_US&quot;&gt;All users who belong to a site have this role within that site.&lt;/Description&gt;&lt;/root&gt;" type="2" subType="">
					<action-key>VIEW</action-key>
					<action-key>CUSTOMIZE</action-key>
					<action-key>ADD_DISCUSSION</action-key>
				</role>
			</permissions>
		</layout>
		<layout layout-uuid="334c4c10-e2ad-46a2-9c4a-8ab9a857e918" layout-id="2" path="/groups/10339/layouts/2/layout.xml">
			<permissions>
				<role name="User" title="" description="&lt;?xml version='1.0' encoding='UTF-8'?&gt;&lt;root available-locales=&quot;en_US&quot; default-locale=&quot;en_US&quot;&gt;&lt;Description language-id=&quot;en_US&quot;&gt;Authenticated users should be assigned this role.&lt;/Description&gt;&lt;/root&gt;" type="1" subType=""/>
				<role name="Owner" title="" description="&lt;?xml version='1.0' encoding='UTF-8'?&gt;&lt;root available-locales=&quot;en_US&quot; default-locale=&quot;en_US&quot;&gt;&lt;Description language-id=&quot;en_US&quot;&gt;This is an implied role with respect to the objects users create.&lt;/Description&gt;&lt;/root&gt;" type="1" subType="">
					<action-key>UPDATE</action-key>
					<action-key>ADD_LAYOUT</action-key>
					<action-key>PERMISSIONS</action-key>
					<action-key>DELETE</action-key>
					<action-key>VIEW</action-key>
					<action-key>CUSTOMIZE</action-key>
					<action-key>CONFIGURE_PORTLETS</action-key>
					<action-key>UPDATE_DISCUSSION</action-key>
					<action-key>DELETE_DISCUSSION</action-key>
					<action-key>ADD_DISCUSSION</action-key>
				</role>
				<role name="Power User" title="" description="&lt;?xml version='1.0' encoding='UTF-8'?&gt;&lt;root available-locales=&quot;en_US&quot; default-locale=&quot;en_US&quot;&gt;&lt;Description language-id=&quot;en_US&quot;&gt;Power Users have their own personal site.&lt;/Description&gt;&lt;/root&gt;" type="1" subType=""/>
				<role name="Guest" title="" description="&lt;?xml version='1.0' encoding='UTF-8'?&gt;&lt;root available-locales=&quot;en_US&quot; default-locale=&quot;en_US&quot;&gt;&lt;Description language-id=&quot;en_US&quot;&gt;Unauthenticated users always have this role.&lt;/Description&gt;&lt;/root&gt;" type="1" subType="">
					<action-key>VIEW</action-key>
				</role>
				<role name="Site Owner" title="" description="&lt;?xml version='1.0' encoding='UTF-8'?&gt;&lt;root available-locales=&quot;en_US&quot; default-locale=&quot;en_US&quot;&gt;&lt;Description language-id=&quot;en_US&quot;&gt;Site Owners are super users of their site and can assign site roles to users.&lt;/Description&gt;&lt;/root&gt;" type="2" subType=""/>
				<role name="Site Administrator" title="" description="&lt;?xml version='1.0' encoding='UTF-8'?&gt;&lt;root available-locales=&quot;en_US&quot; default-locale=&quot;en_US&quot;&gt;&lt;Description language-id=&quot;en_US&quot;&gt;Site Administrators are super users of their site but cannot make other users into Site Administrators.&lt;/Description&gt;&lt;/root&gt;" type="2" subType=""/>
				<role name="Site Member" title="" description="&lt;?xml version='1.0' encoding='UTF-8'?&gt;&lt;root available-locales=&quot;en_US&quot; default-locale=&quot;en_US&quot;&gt;&lt;Description language-id=&quot;en_US&quot;&gt;All users who belong to a site have this role within that site.&lt;/Description&gt;&lt;/root&gt;" type="2" subType="">
					<action-key>VIEW</action-key>
					<action-key>CUSTOMIZE</action-key>
					<action-key>ADD_DISCUSSION</action-key>
				</role>
			</permissions>
		</layout>
		<layout layout-uuid="e457ca41-665b-4afc-91c4-07d0c1fcf06a" layout-id="3" path="/groups/10339/layouts/3/layout.xml">
			<permissions>
				<role name="User" title="" description="&lt;?xml version='1.0' encoding='UTF-8'?&gt;&lt;root available-locales=&quot;en_US&quot; default-locale=&quot;en_US&quot;&gt;&lt;Description language-id=&quot;en_US&quot;&gt;Authenticated users should be assigned this role.&lt;/Description&gt;&lt;/root&gt;" type="1" subType=""/>
				<role name="Owner" title="" description="&lt;?xml version='1.0' encoding='UTF-8'?&gt;&lt;root available-locales=&quot;en_US&quot; default-locale=&quot;en_US&quot;&gt;&lt;Description language-id=&quot;en_US&quot;&gt;This is an implied role with respect to the objects users create.&lt;/Description&gt;&lt;/root&gt;" type="1" subType="">
					<action-key>UPDATE</action-key>
					<action-key>ADD_LAYOUT</action-key>
					<action-key>PERMISSIONS</action-key>
					<action-key>DELETE</action-key>
					<action-key>VIEW</action-key>
					<action-key>CUSTOMIZE</action-key>
					<action-key>CONFIGURE_PORTLETS</action-key>
					<action-key>UPDATE_DISCUSSION</action-key>
					<action-key>DELETE_DISCUSSION</action-key>
					<action-key>ADD_DISCUSSION</action-key>
				</role>
				<role name="Power User" title="" description="&lt;?xml version='1.0' encoding='UTF-8'?&gt;&lt;root available-locales=&quot;en_US&quot; default-locale=&quot;en_US&quot;&gt;&lt;Description language-id=&quot;en_US&quot;&gt;Power Users have their own personal site.&lt;/Description&gt;&lt;/root&gt;" type="1" subType=""/>
				<role name="Guest" title="" description="&lt;?xml version='1.0' encoding='UTF-8'?&gt;&lt;root available-locales=&quot;en_US&quot; default-locale=&quot;en_US&quot;&gt;&lt;Description language-id=&quot;en_US&quot;&gt;Unauthenticated users always have this role.&lt;/Description&gt;&lt;/root&gt;" type="1" subType="">
					<action-key>VIEW</action-key>
				</role>
				<role name="Site Owner" title="" description="&lt;?xml version='1.0' encoding='UTF-8'?&gt;&lt;root available-locales=&quot;en_US&quot; default-locale=&quot;en_US&quot;&gt;&lt;Description language-id=&quot;en_US&quot;&gt;Site Owners are super users of their site and can assign site roles to users.&lt;/Description&gt;&lt;/root&gt;" type="2" subType=""/>
				<role name="Site Administrator" title="" description="&lt;?xml version='1.0' encoding='UTF-8'?&gt;&lt;root available-locales=&quot;en_US&quot; default-locale=&quot;en_US&quot;&gt;&lt;Description language-id=&quot;en_US&quot;&gt;Site Administrators are super users of their site but cannot make other users into Site Administrators.&lt;/Description&gt;&lt;/root&gt;" type="2" subType=""/>
				<role name="Site Member" title="" description="&lt;?xml version='1.0' encoding='UTF-8'?&gt;&lt;root available-locales=&quot;en_US&quot; default-locale=&quot;en_US&quot;&gt;&lt;Description language-id=&quot;en_US&quot;&gt;All users who belong to a site have this role within that site.&lt;/Description&gt;&lt;/root&gt;" type="2" subType="">
					<action-key>VIEW</action-key>
					<action-key>CUSTOMIZE</action-key>
					<action-key>ADD_DISCUSSION</action-key>
				</role>
			</permissions>
		</layout>
	</layouts>
	<portlets>
		<portlet portlet-id="19" layout-id="1" path="/groups/10339/portlets/19/10347/portlet.xml"/>
		<portlet portlet-id="178" layout-id="1" path="/groups/10339/portlets/178/10347/portlet.xml"/>
		<portlet portlet-id="8" layout-id="1" path="/groups/10339/portlets/8/10347/portlet.xml"/>
		<portlet portlet-id="161" layout-id="1" path="/groups/10339/portlets/161/10347/portlet.xml"/>
		<portlet portlet-id="162" layout-id="1" path="/groups/10339/portlets/162/10347/portlet.xml"/>
		<portlet portlet-id="167" layout-id="1" path="/groups/10339/portlets/167/10347/portlet.xml"/>
		<portlet portlet-id="56" layout-id="1" path="/groups/10339/portlets/56/10347/portlet.xml"/>
		<portlet portlet-id="20" layout-id="1" path="/groups/10339/portlets/20/10347/portlet.xml"/>
		<portlet portlet-id="28" layout-id="1" path="/groups/10339/portlets/28/10347/portlet.xml"/>
		<portlet portlet-id="15" layout-id="1" path="/groups/10339/portlets/15/10347/portlet.xml"/>
		<portlet portlet-id="169" layout-id="1" path="/groups/10339/portlets/169/10347/portlet.xml"/>
		<portlet portlet-id="25" layout-id="1" path="/groups/10339/portlets/25/10347/portlet.xml"/>
		<portlet portlet-id="166" layout-id="1" path="/groups/10339/portlets/166/10347/portlet.xml"/>
		<portlet portlet-id="33" layout-id="1" path="/groups/10339/portlets/33/10347/portlet.xml"/>
		<portlet portlet-id="19" layout-id="1" path="/groups/10339/portlets/19/10347/portlet.xml"/>
		<portlet portlet-id="3" layout-id="1" path="/groups/10339/portlets/3/10347/portlet.xml"/>
		<portlet portlet-id="59_INSTANCE_CP0OEqogkpxm" layout-id="1" path="/groups/10339/portlets/59_INSTANCE_CP0OEqogkpxm/10347/portlet.xml"/>
		<portlet portlet-id="180" layout-id="1" path="/groups/10339/portlets/180/10347/portlet.xml"/>
		<portlet portlet-id="8" layout-id="2" path="/groups/10339/portlets/8/10353/portlet.xml"/>
		<portlet portlet-id="101_INSTANCE_j1ST6fBVhgIv" layout-id="2" path="/groups/10339/portlets/101_INSTANCE_j1ST6fBVhgIv/10353/portlet.xml"/>
		<portlet portlet-id="36" layout-id="3" path="/groups/10339/portlets/36/10359/portlet.xml"/>
		<portlet portlet-id="122_INSTANCE_78LIaid1VR2Y" layout-id="3" path="/groups/10339/portlets/122_INSTANCE_78LIaid1VR2Y/10359/portlet.xml"/>
		<portlet portlet-id="148_INSTANCE_vevlQTEVfU94" layout-id="3" path="/groups/10339/portlets/148_INSTANCE_vevlQTEVfU94/10359/portlet.xml"/>
	</portlets>
</root>