<com.liferay.portlet.dynamicdatamapping.model.impl.DDMStructureImpl>
  <__cachedModel>false</__cachedModel>
  <__new>false</__new>
  <__uuid>d11aa25a-9048-481c-9ad1-fabc3b0f9121</__uuid>
  <__originalUuid>d11aa25a-9048-481c-9ad1-fabc3b0f9121</__originalUuid>
  <__structureId>10306</__structureId>
  <__groupId>10191</__groupId>
  <__originalGroupId>10191</__originalGroupId>
  <__setOriginalGroupId>false</__setOriginalGroupId>
  <__companyId>10153</__companyId>
  <__originalCompanyId>10153</__originalCompanyId>
  <__setOriginalCompanyId>false</__setOriginalCompanyId>
  <__userId>10157</__userId>
  <__userUuid>e4a69f1b-2a37-4ce8-8f6e-d2977245aace</__userUuid>
  <__userName></__userName>
  <__createDate class="sql-timestamp">2013-12-21 19:14:39.0</__createDate>
  <__modifiedDate class="sql-timestamp">2013-12-21 19:14:39.0</__modifiedDate>
  <__classNameId>10089</__classNameId>
  <__originalClassNameId>10089</__originalClassNameId>
  <__setOriginalClassNameId>false</__setOriginalClassNameId>
  <__structureKey>auto_054c48ad-4bb4-4723-8720-2df5f7d4909e</__structureKey>
  <__originalStructureKey>auto_054c48ad-4bb4-4723-8720-2df5f7d4909e</__originalStructureKey>
  <__name>&lt;?xml version=&apos;1.0&apos; encoding=&apos;UTF-8&apos;?&gt;&lt;root available-locales=&quot;en_US&quot; default-locale=&quot;en_US&quot;&gt;&lt;Name language-id=&quot;en_US&quot;&gt;Online Training&lt;/Name&gt;&lt;/root&gt;</__name>
  <__originalName>&lt;?xml version=&apos;1.0&apos; encoding=&apos;UTF-8&apos;?&gt;&lt;root available-locales=&quot;en_US&quot; default-locale=&quot;en_US&quot;&gt;&lt;Name language-id=&quot;en_US&quot;&gt;Online Training&lt;/Name&gt;&lt;/root&gt;</__originalName>
  <__description>&lt;?xml version=&apos;1.0&apos; encoding=&apos;UTF-8&apos;?&gt;&lt;root available-locales=&quot;en_US&quot; default-locale=&quot;en_US&quot;&gt;&lt;Description language-id=&quot;en_US&quot;&gt;Online Training&lt;/Description&gt;&lt;/root&gt;</__description>
  <__originalDescription>&lt;?xml version=&apos;1.0&apos; encoding=&apos;UTF-8&apos;?&gt;&lt;root available-locales=&quot;en_US&quot; default-locale=&quot;en_US&quot;&gt;&lt;Description language-id=&quot;en_US&quot;&gt;Online Training&lt;/Description&gt;&lt;/root&gt;</__originalDescription>
  <__xsd>&lt;?xml version=&quot;1.0&quot;?&gt;

&lt;root available-locales=&quot;en_US&quot; default-locale=&quot;en_US&quot;&gt;
	&lt;dynamic-element dataType=&quot;string&quot; name=&quot;text2082&quot; type=&quot;text&quot;&gt;
		&lt;meta-data locale=&quot;en_US&quot;&gt;
			&lt;entry name=&quot;fieldCssClass&quot;&gt;&lt;![CDATA[aui-w25]]&gt;&lt;/entry&gt;
			&lt;entry name=&quot;label&quot;&gt;&lt;![CDATA[Lesson Title]]&gt;&lt;/entry&gt;
			&lt;entry name=&quot;predefinedValue&quot;&gt;&lt;![CDATA[]]&gt;&lt;/entry&gt;
			&lt;entry name=&quot;readOnly&quot;&gt;&lt;![CDATA[false]]&gt;&lt;/entry&gt;
			&lt;entry name=&quot;required&quot;&gt;&lt;![CDATA[false]]&gt;&lt;/entry&gt;
			&lt;entry name=&quot;showLabel&quot;&gt;&lt;![CDATA[true]]&gt;&lt;/entry&gt;
			&lt;entry name=&quot;tip&quot;&gt;&lt;![CDATA[]]&gt;&lt;/entry&gt;
			&lt;entry name=&quot;width&quot;&gt;&lt;![CDATA[25]]&gt;&lt;/entry&gt;
		&lt;/meta-data&gt;
	&lt;/dynamic-element&gt;
	&lt;dynamic-element dataType=&quot;string&quot; name=&quot;text2979&quot; type=&quot;text&quot;&gt;
		&lt;meta-data locale=&quot;en_US&quot;&gt;
			&lt;entry name=&quot;fieldCssClass&quot;&gt;&lt;![CDATA[aui-w25]]&gt;&lt;/entry&gt;
			&lt;entry name=&quot;label&quot;&gt;&lt;![CDATA[Author]]&gt;&lt;/entry&gt;
			&lt;entry name=&quot;predefinedValue&quot;&gt;&lt;![CDATA[]]&gt;&lt;/entry&gt;
			&lt;entry name=&quot;readOnly&quot;&gt;&lt;![CDATA[false]]&gt;&lt;/entry&gt;
			&lt;entry name=&quot;required&quot;&gt;&lt;![CDATA[false]]&gt;&lt;/entry&gt;
			&lt;entry name=&quot;showLabel&quot;&gt;&lt;![CDATA[true]]&gt;&lt;/entry&gt;
			&lt;entry name=&quot;tip&quot;&gt;&lt;![CDATA[]]&gt;&lt;/entry&gt;
			&lt;entry name=&quot;width&quot;&gt;&lt;![CDATA[25]]&gt;&lt;/entry&gt;
		&lt;/meta-data&gt;
	&lt;/dynamic-element&gt;
&lt;/root&gt;</__xsd>
  <__storageType>xml</__storageType>
  <__type>1</__type>
  <__columnBitmask>0</__columnBitmask>
  <__document class="com.liferay.portal.xml.DocumentImpl">
    <__node class="org.dom4j.tree.DefaultDocument">
      <rootElement class="org.dom4j.tree.DefaultElement">
        <qname serialization="custom">
          <org.dom4j.QName>
            <string></string>
            <string></string>
            <default>
              <hashCode>0</hashCode>
              <documentFactory serialization="custom">
                <org.dom4j.DocumentFactory>
                  <default/>
                </org.dom4j.DocumentFactory>
              </documentFactory>
              <name>root</name>
              <qualifiedName>root</qualifiedName>
            </default>
          </org.dom4j.QName>
        </qname>
        <parentBranch class="org.dom4j.tree.DefaultDocument" reference="../.."/>
        <content class="list">
          <org.dom4j.tree.DefaultText>
            <text>
	</text>
            <parent class="org.dom4j.tree.DefaultElement" reference="../../.."/>
          </org.dom4j.tree.DefaultText>
          <org.dom4j.tree.DefaultElement>
            <qname serialization="custom">
              <org.dom4j.QName>
                <string></string>
                <string></string>
                <default>
                  <hashCode>261403502</hashCode>
                  <documentFactory reference="../../../../../../qname/org.dom4j.QName/default/documentFactory"/>
                  <name>dynamic-element</name>
                  <qualifiedName>dynamic-element</qualifiedName>
                </default>
              </org.dom4j.QName>
            </qname>
            <parentBranch class="org.dom4j.tree.DefaultElement" reference="../../.."/>
            <content class="list">
              <org.dom4j.tree.DefaultText>
                <text>
		</text>
                <parent class="org.dom4j.tree.DefaultElement" reference="../../.."/>
              </org.dom4j.tree.DefaultText>
              <org.dom4j.tree.DefaultElement>
                <qname serialization="custom">
                  <org.dom4j.QName>
                    <string></string>
                    <string></string>
                    <default>
                      <hashCode>0</hashCode>
                      <documentFactory reference="../../../../../../../../qname/org.dom4j.QName/default/documentFactory"/>
                      <name>meta-data</name>
                      <qualifiedName>meta-data</qualifiedName>
                    </default>
                  </org.dom4j.QName>
                </qname>
                <parentBranch class="org.dom4j.tree.DefaultElement" reference="../../.."/>
                <content class="list">
                  <org.dom4j.tree.DefaultText>
                    <text>
			</text>
                    <parent class="org.dom4j.tree.DefaultElement" reference="../../.."/>
                  </org.dom4j.tree.DefaultText>
                  <org.dom4j.tree.DefaultElement>
                    <qname serialization="custom">
                      <org.dom4j.QName>
                        <string></string>
                        <string></string>
                        <default>
                          <hashCode>0</hashCode>
                          <documentFactory reference="../../../../../../../../../../qname/org.dom4j.QName/default/documentFactory"/>
                          <name>entry</name>
                          <qualifiedName>entry</qualifiedName>
                        </default>
                      </org.dom4j.QName>
                    </qname>
                    <parentBranch class="org.dom4j.tree.DefaultElement" reference="../../.."/>
                    <content class="org.dom4j.tree.DefaultCDATA">
                      <text>aui-w25</text>
                      <parent class="org.dom4j.tree.DefaultElement" reference="../.."/>
                    </content>
                    <attributes class="org.dom4j.tree.DefaultAttribute">
                      <qname serialization="custom">
                        <org.dom4j.QName>
                          <string></string>
                          <string></string>
                          <default>
                            <hashCode>3373707</hashCode>
                            <documentFactory reference="../../../../../../../../../../../qname/org.dom4j.QName/default/documentFactory"/>
                            <name>name</name>
                            <qualifiedName>name</qualifiedName>
                          </default>
                        </org.dom4j.QName>
                      </qname>
                      <value>fieldCssClass</value>
                      <parent class="org.dom4j.tree.DefaultElement" reference="../.."/>
                    </attributes>
                  </org.dom4j.tree.DefaultElement>
                  <org.dom4j.tree.DefaultText>
                    <text>
			</text>
                    <parent class="org.dom4j.tree.DefaultElement" reference="../../.."/>
                  </org.dom4j.tree.DefaultText>
                  <org.dom4j.tree.DefaultElement>
                    <qname reference="../../org.dom4j.tree.DefaultElement/qname"/>
                    <parentBranch class="org.dom4j.tree.DefaultElement" reference="../../.."/>
                    <content class="org.dom4j.tree.DefaultCDATA">
                      <text>Lesson Title</text>
                      <parent class="org.dom4j.tree.DefaultElement" reference="../.."/>
                    </content>
                    <attributes class="org.dom4j.tree.DefaultAttribute">
                      <qname reference="../../../org.dom4j.tree.DefaultElement/attributes/qname"/>
                      <value>label</value>
                      <parent class="org.dom4j.tree.DefaultElement" reference="../.."/>
                    </attributes>
                  </org.dom4j.tree.DefaultElement>
                  <org.dom4j.tree.DefaultText>
                    <text>
			</text>
                    <parent class="org.dom4j.tree.DefaultElement" reference="../../.."/>
                  </org.dom4j.tree.DefaultText>
                  <org.dom4j.tree.DefaultElement>
                    <qname reference="../../org.dom4j.tree.DefaultElement/qname"/>
                    <parentBranch class="org.dom4j.tree.DefaultElement" reference="../../.."/>
                    <content class="org.dom4j.tree.DefaultCDATA">
                      <text></text>
                      <parent class="org.dom4j.tree.DefaultElement" reference="../.."/>
                    </content>
                    <attributes class="org.dom4j.tree.DefaultAttribute">
                      <qname reference="../../../org.dom4j.tree.DefaultElement/attributes/qname"/>
                      <value>predefinedValue</value>
                      <parent class="org.dom4j.tree.DefaultElement" reference="../.."/>
                    </attributes>
                  </org.dom4j.tree.DefaultElement>
                  <org.dom4j.tree.DefaultText>
                    <text>
			</text>
                    <parent class="org.dom4j.tree.DefaultElement" reference="../../.."/>
                  </org.dom4j.tree.DefaultText>
                  <org.dom4j.tree.DefaultElement>
                    <qname reference="../../org.dom4j.tree.DefaultElement/qname"/>
                    <parentBranch class="org.dom4j.tree.DefaultElement" reference="../../.."/>
                    <content class="org.dom4j.tree.DefaultCDATA">
                      <text>false</text>
                      <parent class="org.dom4j.tree.DefaultElement" reference="../.."/>
                    </content>
                    <attributes class="org.dom4j.tree.DefaultAttribute">
                      <qname reference="../../../org.dom4j.tree.DefaultElement/attributes/qname"/>
                      <value>readOnly</value>
                      <parent class="org.dom4j.tree.DefaultElement" reference="../.."/>
                    </attributes>
                  </org.dom4j.tree.DefaultElement>
                  <org.dom4j.tree.DefaultText>
                    <text>
			</text>
                    <parent class="org.dom4j.tree.DefaultElement" reference="../../.."/>
                  </org.dom4j.tree.DefaultText>
                  <org.dom4j.tree.DefaultElement>
                    <qname reference="../../org.dom4j.tree.DefaultElement/qname"/>
                    <parentBranch class="org.dom4j.tree.DefaultElement" reference="../../.."/>
                    <content class="org.dom4j.tree.DefaultCDATA">
                      <text>false</text>
                      <parent class="org.dom4j.tree.DefaultElement" reference="../.."/>
                    </content>
                    <attributes class="org.dom4j.tree.DefaultAttribute">
                      <qname reference="../../../org.dom4j.tree.DefaultElement/attributes/qname"/>
                      <value>required</value>
                      <parent class="org.dom4j.tree.DefaultElement" reference="../.."/>
                    </attributes>
                  </org.dom4j.tree.DefaultElement>
                  <org.dom4j.tree.DefaultText>
                    <text>
			</text>
                    <parent class="org.dom4j.tree.DefaultElement" reference="../../.."/>
                  </org.dom4j.tree.DefaultText>
                  <org.dom4j.tree.DefaultElement>
                    <qname reference="../../org.dom4j.tree.DefaultElement/qname"/>
                    <parentBranch class="org.dom4j.tree.DefaultElement" reference="../../.."/>
                    <content class="org.dom4j.tree.DefaultCDATA">
                      <text>true</text>
                      <parent class="org.dom4j.tree.DefaultElement" reference="../.."/>
                    </content>
                    <attributes class="org.dom4j.tree.DefaultAttribute">
                      <qname reference="../../../org.dom4j.tree.DefaultElement/attributes/qname"/>
                      <value>showLabel</value>
                      <parent class="org.dom4j.tree.DefaultElement" reference="../.."/>
                    </attributes>
                  </org.dom4j.tree.DefaultElement>
                  <org.dom4j.tree.DefaultText>
                    <text>
			</text>
                    <parent class="org.dom4j.tree.DefaultElement" reference="../../.."/>
                  </org.dom4j.tree.DefaultText>
                  <org.dom4j.tree.DefaultElement>
                    <qname reference="../../org.dom4j.tree.DefaultElement/qname"/>
                    <parentBranch class="org.dom4j.tree.DefaultElement" reference="../../.."/>
                    <content class="org.dom4j.tree.DefaultCDATA">
                      <text></text>
                      <parent class="org.dom4j.tree.DefaultElement" reference="../.."/>
                    </content>
                    <attributes class="org.dom4j.tree.DefaultAttribute">
                      <qname reference="../../../org.dom4j.tree.DefaultElement/attributes/qname"/>
                      <value>tip</value>
                      <parent class="org.dom4j.tree.DefaultElement" reference="../.."/>
                    </attributes>
                  </org.dom4j.tree.DefaultElement>
                  <org.dom4j.tree.DefaultText>
                    <text>
			</text>
                    <parent class="org.dom4j.tree.DefaultElement" reference="../../.."/>
                  </org.dom4j.tree.DefaultText>
                  <org.dom4j.tree.DefaultElement>
                    <qname reference="../../org.dom4j.tree.DefaultElement/qname"/>
                    <parentBranch class="org.dom4j.tree.DefaultElement" reference="../../.."/>
                    <content class="org.dom4j.tree.DefaultCDATA">
                      <text>25</text>
                      <parent class="org.dom4j.tree.DefaultElement" reference="../.."/>
                    </content>
                    <attributes class="org.dom4j.tree.DefaultAttribute">
                      <qname reference="../../../org.dom4j.tree.DefaultElement/attributes/qname"/>
                      <value>width</value>
                      <parent class="org.dom4j.tree.DefaultElement" reference="../.."/>
                    </attributes>
                  </org.dom4j.tree.DefaultElement>
                  <org.dom4j.tree.DefaultText>
                    <text>
		</text>
                    <parent class="org.dom4j.tree.DefaultElement" reference="../../.."/>
                  </org.dom4j.tree.DefaultText>
                </content>
                <attributes class="org.dom4j.tree.DefaultAttribute">
                  <qname serialization="custom">
                    <org.dom4j.QName>
                      <string></string>
                      <string></string>
                      <default>
                        <hashCode>-1097462182</hashCode>
                        <documentFactory reference="../../../../../../../../../qname/org.dom4j.QName/default/documentFactory"/>
                        <name>locale</name>
                        <qualifiedName>locale</qualifiedName>
                      </default>
                    </org.dom4j.QName>
                  </qname>
                  <value>en_US</value>
                  <parent class="org.dom4j.tree.DefaultElement" reference="../.."/>
                </attributes>
              </org.dom4j.tree.DefaultElement>
              <org.dom4j.tree.DefaultText>
                <text>
	</text>
                <parent class="org.dom4j.tree.DefaultElement" reference="../../.."/>
              </org.dom4j.tree.DefaultText>
            </content>
            <attributes class="list">
              <org.dom4j.tree.DefaultAttribute>
                <qname serialization="custom">
                  <org.dom4j.QName>
                    <string></string>
                    <string></string>
                    <default>
                      <hashCode>0</hashCode>
                      <documentFactory reference="../../../../../../../../qname/org.dom4j.QName/default/documentFactory"/>
                      <name>dataType</name>
                      <qualifiedName>dataType</qualifiedName>
                    </default>
                  </org.dom4j.QName>
                </qname>
                <value>string</value>
                <parent class="org.dom4j.tree.DefaultElement" reference="../../.."/>
              </org.dom4j.tree.DefaultAttribute>
              <org.dom4j.tree.DefaultAttribute>
                <qname reference="../../../content/org.dom4j.tree.DefaultElement/content/org.dom4j.tree.DefaultElement/attributes/qname"/>
                <value>text2082</value>
                <parent class="org.dom4j.tree.DefaultElement" reference="../../.."/>
              </org.dom4j.tree.DefaultAttribute>
              <org.dom4j.tree.DefaultAttribute>
                <qname serialization="custom">
                  <org.dom4j.QName>
                    <string></string>
                    <string></string>
                    <default>
                      <hashCode>0</hashCode>
                      <documentFactory reference="../../../../../../../../qname/org.dom4j.QName/default/documentFactory"/>
                      <name>type</name>
                      <qualifiedName>type</qualifiedName>
                    </default>
                  </org.dom4j.QName>
                </qname>
                <value>text</value>
                <parent class="org.dom4j.tree.DefaultElement" reference="../../.."/>
              </org.dom4j.tree.DefaultAttribute>
            </attributes>
          </org.dom4j.tree.DefaultElement>
          <org.dom4j.tree.DefaultText>
            <text>
	</text>
            <parent class="org.dom4j.tree.DefaultElement" reference="../../.."/>
          </org.dom4j.tree.DefaultText>
          <org.dom4j.tree.DefaultElement>
            <qname reference="../../org.dom4j.tree.DefaultElement/qname"/>
            <parentBranch class="org.dom4j.tree.DefaultElement" reference="../../.."/>
            <content class="list">
              <org.dom4j.tree.DefaultText>
                <text>
		</text>
                <parent class="org.dom4j.tree.DefaultElement" reference="../../.."/>
              </org.dom4j.tree.DefaultText>
              <org.dom4j.tree.DefaultElement>
                <qname reference="../../../../org.dom4j.tree.DefaultElement/content/org.dom4j.tree.DefaultElement/qname"/>
                <parentBranch class="org.dom4j.tree.DefaultElement" reference="../../.."/>
                <content class="list">
                  <org.dom4j.tree.DefaultText>
                    <text>
			</text>
                    <parent class="org.dom4j.tree.DefaultElement" reference="../../.."/>
                  </org.dom4j.tree.DefaultText>
                  <org.dom4j.tree.DefaultElement>
                    <qname reference="../../../../../../org.dom4j.tree.DefaultElement/content/org.dom4j.tree.DefaultElement/content/org.dom4j.tree.DefaultElement/qname"/>
                    <parentBranch class="org.dom4j.tree.DefaultElement" reference="../../.."/>
                    <content class="org.dom4j.tree.DefaultCDATA">
                      <text>aui-w25</text>
                      <parent class="org.dom4j.tree.DefaultElement" reference="../.."/>
                    </content>
                    <attributes class="org.dom4j.tree.DefaultAttribute">
                      <qname reference="../../../../../../../org.dom4j.tree.DefaultElement/content/org.dom4j.tree.DefaultElement/content/org.dom4j.tree.DefaultElement/attributes/qname"/>
                      <value>fieldCssClass</value>
                      <parent class="org.dom4j.tree.DefaultElement" reference="../.."/>
                    </attributes>
                  </org.dom4j.tree.DefaultElement>
                  <org.dom4j.tree.DefaultText>
                    <text>
			</text>
                    <parent class="org.dom4j.tree.DefaultElement" reference="../../.."/>
                  </org.dom4j.tree.DefaultText>
                  <org.dom4j.tree.DefaultElement>
                    <qname reference="../../../../../../org.dom4j.tree.DefaultElement/content/org.dom4j.tree.DefaultElement/content/org.dom4j.tree.DefaultElement/qname"/>
                    <parentBranch class="org.dom4j.tree.DefaultElement" reference="../../.."/>
                    <content class="org.dom4j.tree.DefaultCDATA">
                      <text>Author</text>
                      <parent class="org.dom4j.tree.DefaultElement" reference="../.."/>
                    </content>
                    <attributes class="org.dom4j.tree.DefaultAttribute">
                      <qname reference="../../../../../../../org.dom4j.tree.DefaultElement/content/org.dom4j.tree.DefaultElement/content/org.dom4j.tree.DefaultElement/attributes/qname"/>
                      <value>label</value>
                      <parent class="org.dom4j.tree.DefaultElement" reference="../.."/>
                    </attributes>
                  </org.dom4j.tree.DefaultElement>
                  <org.dom4j.tree.DefaultText>
                    <text>
			</text>
                    <parent class="org.dom4j.tree.DefaultElement" reference="../../.."/>
                  </org.dom4j.tree.DefaultText>
                  <org.dom4j.tree.DefaultElement>
                    <qname reference="../../../../../../org.dom4j.tree.DefaultElement/content/org.dom4j.tree.DefaultElement/content/org.dom4j.tree.DefaultElement/qname"/>
                    <parentBranch class="org.dom4j.tree.DefaultElement" reference="../../.."/>
                    <content class="org.dom4j.tree.DefaultCDATA">
                      <text></text>
                      <parent class="org.dom4j.tree.DefaultElement" reference="../.."/>
                    </content>
                    <attributes class="org.dom4j.tree.DefaultAttribute">
                      <qname reference="../../../../../../../org.dom4j.tree.DefaultElement/content/org.dom4j.tree.DefaultElement/content/org.dom4j.tree.DefaultElement/attributes/qname"/>
                      <value>predefinedValue</value>
                      <parent class="org.dom4j.tree.DefaultElement" reference="../.."/>
                    </attributes>
                  </org.dom4j.tree.DefaultElement>
                  <org.dom4j.tree.DefaultText>
                    <text>
			</text>
                    <parent class="org.dom4j.tree.DefaultElement" reference="../../.."/>
                  </org.dom4j.tree.DefaultText>
                  <org.dom4j.tree.DefaultElement>
                    <qname reference="../../../../../../org.dom4j.tree.DefaultElement/content/org.dom4j.tree.DefaultElement/content/org.dom4j.tree.DefaultElement/qname"/>
                    <parentBranch class="org.dom4j.tree.DefaultElement" reference="../../.."/>
                    <content class="org.dom4j.tree.DefaultCDATA">
                      <text>false</text>
                      <parent class="org.dom4j.tree.DefaultElement" reference="../.."/>
                    </content>
                    <attributes class="org.dom4j.tree.DefaultAttribute">
                      <qname reference="../../../../../../../org.dom4j.tree.DefaultElement/content/org.dom4j.tree.DefaultElement/content/org.dom4j.tree.DefaultElement/attributes/qname"/>
                      <value>readOnly</value>
                      <parent class="org.dom4j.tree.DefaultElement" reference="../.."/>
                    </attributes>
                  </org.dom4j.tree.DefaultElement>
                  <org.dom4j.tree.DefaultText>
                    <text>
			</text>
                    <parent class="org.dom4j.tree.DefaultElement" reference="../../.."/>
                  </org.dom4j.tree.DefaultText>
                  <org.dom4j.tree.DefaultElement>
                    <qname reference="../../../../../../org.dom4j.tree.DefaultElement/content/org.dom4j.tree.DefaultElement/content/org.dom4j.tree.DefaultElement/qname"/>
                    <parentBranch class="org.dom4j.tree.DefaultElement" reference="../../.."/>
                    <content class="org.dom4j.tree.DefaultCDATA">
                      <text>false</text>
                      <parent class="org.dom4j.tree.DefaultElement" reference="../.."/>
                    </content>
                    <attributes class="org.dom4j.tree.DefaultAttribute">
                      <qname reference="../../../../../../../org.dom4j.tree.DefaultElement/content/org.dom4j.tree.DefaultElement/content/org.dom4j.tree.DefaultElement/attributes/qname"/>
                      <value>required</value>
                      <parent class="org.dom4j.tree.DefaultElement" reference="../.."/>
                    </attributes>
                  </org.dom4j.tree.DefaultElement>
                  <org.dom4j.tree.DefaultText>
                    <text>
			</text>
                    <parent class="org.dom4j.tree.DefaultElement" reference="../../.."/>
                  </org.dom4j.tree.DefaultText>
                  <org.dom4j.tree.DefaultElement>
                    <qname reference="../../../../../../org.dom4j.tree.DefaultElement/content/org.dom4j.tree.DefaultElement/content/org.dom4j.tree.DefaultElement/qname"/>
                    <parentBranch class="org.dom4j.tree.DefaultElement" reference="../../.."/>
                    <content class="org.dom4j.tree.DefaultCDATA">
                      <text>true</text>
                      <parent class="org.dom4j.tree.DefaultElement" reference="../.."/>
                    </content>
                    <attributes class="org.dom4j.tree.DefaultAttribute">
                      <qname reference="../../../../../../../org.dom4j.tree.DefaultElement/content/org.dom4j.tree.DefaultElement/content/org.dom4j.tree.DefaultElement/attributes/qname"/>
                      <value>showLabel</value>
                      <parent class="org.dom4j.tree.DefaultElement" reference="../.."/>
                    </attributes>
                  </org.dom4j.tree.DefaultElement>
                  <org.dom4j.tree.DefaultText>
                    <text>
			</text>
                    <parent class="org.dom4j.tree.DefaultElement" reference="../../.."/>
                  </org.dom4j.tree.DefaultText>
                  <org.dom4j.tree.DefaultElement>
                    <qname reference="../../../../../../org.dom4j.tree.DefaultElement/content/org.dom4j.tree.DefaultElement/content/org.dom4j.tree.DefaultElement/qname"/>
                    <parentBranch class="org.dom4j.tree.DefaultElement" reference="../../.."/>
                    <content class="org.dom4j.tree.DefaultCDATA">
                      <text></text>
                      <parent class="org.dom4j.tree.DefaultElement" reference="../.."/>
                    </content>
                    <attributes class="org.dom4j.tree.DefaultAttribute">
                      <qname reference="../../../../../../../org.dom4j.tree.DefaultElement/content/org.dom4j.tree.DefaultElement/content/org.dom4j.tree.DefaultElement/attributes/qname"/>
                      <value>tip</value>
                      <parent class="org.dom4j.tree.DefaultElement" reference="../.."/>
                    </attributes>
                  </org.dom4j.tree.DefaultElement>
                  <org.dom4j.tree.DefaultText>
                    <text>
			</text>
                    <parent class="org.dom4j.tree.DefaultElement" reference="../../.."/>
                  </org.dom4j.tree.DefaultText>
                  <org.dom4j.tree.DefaultElement>
                    <qname reference="../../../../../../org.dom4j.tree.DefaultElement/content/org.dom4j.tree.DefaultElement/content/org.dom4j.tree.DefaultElement/qname"/>
                    <parentBranch class="org.dom4j.tree.DefaultElement" reference="../../.."/>
                    <content class="org.dom4j.tree.DefaultCDATA">
                      <text>25</text>
                      <parent class="org.dom4j.tree.DefaultElement" reference="../.."/>
                    </content>
                    <attributes class="org.dom4j.tree.DefaultAttribute">
                      <qname reference="../../../../../../../org.dom4j.tree.DefaultElement/content/org.dom4j.tree.DefaultElement/content/org.dom4j.tree.DefaultElement/attributes/qname"/>
                      <value>width</value>
                      <parent class="org.dom4j.tree.DefaultElement" reference="../.."/>
                    </attributes>
                  </org.dom4j.tree.DefaultElement>
                  <org.dom4j.tree.DefaultText>
                    <text>
		</text>
                    <parent class="org.dom4j.tree.DefaultElement" reference="../../.."/>
                  </org.dom4j.tree.DefaultText>
                </content>
                <attributes class="org.dom4j.tree.DefaultAttribute">
                  <qname reference="../../../../../org.dom4j.tree.DefaultElement/content/org.dom4j.tree.DefaultElement/attributes/qname"/>
                  <value>en_US</value>
                  <parent class="org.dom4j.tree.DefaultElement" reference="../.."/>
                </attributes>
              </org.dom4j.tree.DefaultElement>
              <org.dom4j.tree.DefaultText>
                <text>
	</text>
                <parent class="org.dom4j.tree.DefaultElement" reference="../../.."/>
              </org.dom4j.tree.DefaultText>
            </content>
            <attributes class="list">
              <org.dom4j.tree.DefaultAttribute>
                <qname reference="../../../../org.dom4j.tree.DefaultElement/attributes/org.dom4j.tree.DefaultAttribute/qname"/>
                <value>string</value>
                <parent class="org.dom4j.tree.DefaultElement" reference="../../.."/>
              </org.dom4j.tree.DefaultAttribute>
              <org.dom4j.tree.DefaultAttribute>
                <qname reference="../../../../org.dom4j.tree.DefaultElement/content/org.dom4j.tree.DefaultElement/content/org.dom4j.tree.DefaultElement/attributes/qname"/>
                <value>text2979</value>
                <parent class="org.dom4j.tree.DefaultElement" reference="../../.."/>
              </org.dom4j.tree.DefaultAttribute>
              <org.dom4j.tree.DefaultAttribute>
                <qname reference="../../../../org.dom4j.tree.DefaultElement/attributes/org.dom4j.tree.DefaultAttribute[3]/qname"/>
                <value>text</value>
                <parent class="org.dom4j.tree.DefaultElement" reference="../../.."/>
              </org.dom4j.tree.DefaultAttribute>
            </attributes>
          </org.dom4j.tree.DefaultElement>
          <org.dom4j.tree.DefaultText>
            <text>
</text>
            <parent class="org.dom4j.tree.DefaultElement" reference="../../.."/>
          </org.dom4j.tree.DefaultText>
        </content>
        <attributes class="list">
          <org.dom4j.tree.DefaultAttribute>
            <qname serialization="custom">
              <org.dom4j.QName>
                <string></string>
                <string></string>
                <default>
                  <hashCode>0</hashCode>
                  <documentFactory reference="../../../../../../qname/org.dom4j.QName/default/documentFactory"/>
                  <name>available-locales</name>
                  <qualifiedName>available-locales</qualifiedName>
                </default>
              </org.dom4j.QName>
            </qname>
            <value>en_US</value>
            <parent class="org.dom4j.tree.DefaultElement" reference="../../.."/>
          </org.dom4j.tree.DefaultAttribute>
          <org.dom4j.tree.DefaultAttribute>
            <qname serialization="custom">
              <org.dom4j.QName>
                <string></string>
                <string></string>
                <default>
                  <hashCode>0</hashCode>
                  <documentFactory reference="../../../../../../qname/org.dom4j.QName/default/documentFactory"/>
                  <name>default-locale</name>
                  <qualifiedName>default-locale</qualifiedName>
                </default>
              </org.dom4j.QName>
            </qname>
            <value>en_US</value>
            <parent class="org.dom4j.tree.DefaultElement" reference="../../.."/>
          </org.dom4j.tree.DefaultAttribute>
        </attributes>
      </rootElement>
      <content>
        <org.dom4j.tree.DefaultElement reference="../../rootElement"/>
      </content>
      <documentFactory reference="../rootElement/qname/org.dom4j.QName/default/documentFactory"/>
    </__node>
    <__branch class="org.dom4j.tree.DefaultDocument" reference="../__node"/>
    <__document class="org.dom4j.tree.DefaultDocument" reference="../__node"/>
  </__document>
  <__localizedFieldsMap class="concurrent-hash-map"/>
  <__localizedTransientFieldsMap class="concurrent-hash-map"/>
</com.liferay.portlet.dynamicdatamapping.model.impl.DDMStructureImpl>