<?xml version="1.0"?>

<portlet-data-permissions>
	<portlet-data resource-name="com.liferay.portlet.asset.model.AssetVocabulary" resource-pk="11450">
		<permissions role-name="User" actions=""/>
		<permissions role-name="Owner" actions="UPDATE,PERMISSIONS,DELETE,VIEW"/>
		<permissions role-name="Power User" actions=""/>
		<permissions role-name="Administrator" actions=""/>
		<permissions role-name="Guest" actions=""/>
		<permissions role-name="Site Owner" actions=""/>
		<permissions role-name="Site Administrator" actions=""/>
		<permissions role-name="Site Member" actions=""/>
	</portlet-data>
</portlet-data-permissions>