<?xml version="1.0"?>

<categories-hierarchy>
	<vocabularies>
		<vocabulary path="/groups/10339/vocabularies/11450.xml"/>
	</vocabularies>
	<categories/>
	<assets>
		<asset class-name="com.liferay.portlet.dynamicdatamapping.model.DDMStructure" class-pk="10308" category-uuids=""/>
		<asset class-name="com.liferay.portlet.dynamicdatamapping.model.DDMStructure" class-pk="10304" category-uuids=""/>
		<asset class-name="com.liferay.portlet.dynamicdatamapping.model.DDMStructure" class-pk="10306" category-uuids=""/>
		<asset class-name="com.liferay.portlet.documentlibrary.model.DLFileEntryType" class-pk="10301" category-uuids=""/>
		<asset class-name="com.liferay.portlet.dynamicdatamapping.model.DDMStructure" class-pk="10299" category-uuids=""/>
		<asset class-name="com.liferay.portlet.dynamicdatamapping.model.DDMStructure" class-pk="10300" category-uuids=""/>
		<asset class-name="com.liferay.portlet.dynamicdatamapping.model.DDMStructure" class-pk="10298" category-uuids=""/>
		<asset class-name="com.liferay.portlet.documentlibrary.model.DLFileEntryType" class-pk="10303" category-uuids=""/>
		<asset class-name="com.liferay.portlet.documentlibrary.model.DLFileEntryType" class-pk="10305" category-uuids=""/>
		<asset class-name="com.liferay.portlet.dynamicdatamapping.model.DDMStructure" class-pk="10302" category-uuids=""/>
		<asset class-name="com.liferay.portlet.documentlibrary.model.DLFileEntryType" class-pk="10307" category-uuids=""/>
	</assets>
</categories-hierarchy>