<?xml version="1.0"?>

<portlet-data-permissions>
	<portlet-data resource-name="com.liferay.portlet.asset.model.AssetVocabulary" resource-pk="11450">
		<permissions role-name="User" actions=""/>
		<permissions role-name="Owner" actions="UPDATE,PERMISSIONS,DELETE,VIEW"/>
		<permissions role-name="Power User" actions=""/>
		<permissions role-name="Administrator" actions=""/>
		<permissions role-name="Guest" actions=""/>
		<permissions role-name="Site Owner" actions=""/>
		<permissions role-name="Site Administrator" actions=""/>
		<permissions role-name="Site Member" actions=""/>
	</portlet-data>
	<portlet-data resource-name="com.liferay.portlet.wiki" resource-pk="10339">
		<permissions role-name="User" actions=""/>
		<permissions role-name="Owner" actions="PERMISSIONS,ADD_NODE"/>
		<permissions role-name="Power User" actions=""/>
		<permissions role-name="Administrator" actions=""/>
		<permissions role-name="Guest" actions=""/>
		<permissions role-name="Site Owner" actions=""/>
		<permissions role-name="Site Administrator" actions=""/>
		<permissions role-name="Site Member" actions=""/>
	</portlet-data>
	<portlet-data resource-name="com.liferay.portlet.documentlibrary" resource-pk="10339">
		<permissions role-name="User" actions=""/>
		<permissions role-name="Owner" actions=""/>
		<permissions role-name="Power User" actions=""/>
		<permissions role-name="Administrator" actions=""/>
		<permissions role-name="Guest" actions=""/>
		<permissions role-name="Site Owner" actions=""/>
		<permissions role-name="Site Administrator" actions=""/>
		<permissions role-name="Site Member" actions=""/>
	</portlet-data>
	<portlet-data resource-name="com.liferay.portlet.documentlibrary.model.DLFileEntryType" resource-pk="10301">
		<permissions role-name="User" actions=""/>
		<permissions role-name="Owner" actions="UPDATE,PERMISSIONS,DELETE,VIEW"/>
		<permissions role-name="Power User" actions=""/>
		<permissions role-name="Administrator" actions=""/>
		<permissions role-name="Guest" actions=""/>
		<permissions role-name="Site Owner" actions=""/>
		<permissions role-name="Site Administrator" actions=""/>
		<permissions role-name="Site Member" actions=""/>
	</portlet-data>
	<portlet-data resource-name="com.liferay.portlet.dynamicdatamapping" resource-pk="10339">
		<permissions role-name="User" actions=""/>
		<permissions role-name="Owner" actions=""/>
		<permissions role-name="Power User" actions=""/>
		<permissions role-name="Administrator" actions=""/>
		<permissions role-name="Guest" actions=""/>
		<permissions role-name="Site Owner" actions=""/>
		<permissions role-name="Site Administrator" actions=""/>
		<permissions role-name="Site Member" actions=""/>
	</portlet-data>
	<portlet-data resource-name="com.liferay.portlet.dynamicdatamapping.model.DDMStructure" resource-pk="10299">
		<permissions role-name="User" actions=""/>
		<permissions role-name="Owner" actions="UPDATE,PERMISSIONS,DELETE,VIEW"/>
		<permissions role-name="Power User" actions=""/>
		<permissions role-name="Administrator" actions=""/>
		<permissions role-name="Guest" actions=""/>
		<permissions role-name="Site Owner" actions=""/>
		<permissions role-name="Site Administrator" actions=""/>
		<permissions role-name="Site Member" actions=""/>
	</portlet-data>
	<portlet-data resource-name="com.liferay.portlet.dynamicdatamapping.model.DDMStructure" resource-pk="10298">
		<permissions role-name="User" actions=""/>
		<permissions role-name="Owner" actions="UPDATE,PERMISSIONS,DELETE,VIEW"/>
		<permissions role-name="Power User" actions=""/>
		<permissions role-name="Administrator" actions=""/>
		<permissions role-name="Guest" actions=""/>
		<permissions role-name="Site Owner" actions=""/>
		<permissions role-name="Site Administrator" actions=""/>
		<permissions role-name="Site Member" actions=""/>
	</portlet-data>
	<portlet-data resource-name="com.liferay.portlet.documentlibrary.model.DLFileEntryType" resource-pk="10303">
		<permissions role-name="User" actions=""/>
		<permissions role-name="Owner" actions="UPDATE,PERMISSIONS,DELETE,VIEW"/>
		<permissions role-name="Power User" actions=""/>
		<permissions role-name="Administrator" actions=""/>
		<permissions role-name="Guest" actions=""/>
		<permissions role-name="Site Owner" actions=""/>
		<permissions role-name="Site Administrator" actions=""/>
		<permissions role-name="Site Member" actions=""/>
	</portlet-data>
	<portlet-data resource-name="com.liferay.portlet.blogs" resource-pk="10339">
		<permissions role-name="User" actions=""/>
		<permissions role-name="Owner" actions=""/>
		<permissions role-name="Power User" actions=""/>
		<permissions role-name="Administrator" actions=""/>
		<permissions role-name="Guest" actions=""/>
		<permissions role-name="Site Owner" actions=""/>
		<permissions role-name="Site Administrator" actions=""/>
		<permissions role-name="Site Member" actions=""/>
	</portlet-data>
	<portlet-data resource-name="com.liferay.portlet.documentlibrary.model.DLFileEntryType" resource-pk="10305">
		<permissions role-name="User" actions=""/>
		<permissions role-name="Owner" actions="UPDATE,PERMISSIONS,DELETE,VIEW"/>
		<permissions role-name="Power User" actions=""/>
		<permissions role-name="Administrator" actions=""/>
		<permissions role-name="Guest" actions=""/>
		<permissions role-name="Site Owner" actions=""/>
		<permissions role-name="Site Administrator" actions=""/>
		<permissions role-name="Site Member" actions=""/>
	</portlet-data>
	<portlet-data resource-name="com.liferay.portlet.documentlibrary.model.DLFileEntryType" resource-pk="10307">
		<permissions role-name="User" actions=""/>
		<permissions role-name="Owner" actions="UPDATE,PERMISSIONS,DELETE,VIEW"/>
		<permissions role-name="Power User" actions=""/>
		<permissions role-name="Administrator" actions=""/>
		<permissions role-name="Guest" actions=""/>
		<permissions role-name="Site Owner" actions=""/>
		<permissions role-name="Site Administrator" actions=""/>
		<permissions role-name="Site Member" actions=""/>
	</portlet-data>
	<portlet-data resource-name="com.liferay.portlet.bookmarks" resource-pk="10339">
		<permissions role-name="User" actions=""/>
		<permissions role-name="Owner" actions=""/>
		<permissions role-name="Power User" actions=""/>
		<permissions role-name="Administrator" actions=""/>
		<permissions role-name="Guest" actions=""/>
		<permissions role-name="Site Owner" actions=""/>
		<permissions role-name="Site Administrator" actions=""/>
		<permissions role-name="Site Member" actions=""/>
	</portlet-data>
	<portlet-data resource-name="com.liferay.portlet.messageboards" resource-pk="10339">
		<permissions role-name="User" actions=""/>
		<permissions role-name="Owner" actions="LOCK_THREAD,SUBSCRIBE,REPLY_TO_MESSAGE,ADD_FILE,PERMISSIONS,ADD_MESSAGE,VIEW,ADD_CATEGORY,UPDATE_THREAD_PRIORITY,BAN_USER,MOVE_THREAD"/>
		<permissions role-name="Power User" actions=""/>
		<permissions role-name="Administrator" actions=""/>
		<permissions role-name="Guest" actions="VIEW"/>
		<permissions role-name="Site Owner" actions=""/>
		<permissions role-name="Site Administrator" actions=""/>
		<permissions role-name="Site Member" actions="SUBSCRIBE,REPLY_TO_MESSAGE,ADD_FILE,ADD_MESSAGE,VIEW"/>
	</portlet-data>
	<portlet-data resource-name="com.liferay.portlet.journal" resource-pk="10339">
		<permissions role-name="User" actions=""/>
		<permissions role-name="Owner" actions=""/>
		<permissions role-name="Power User" actions=""/>
		<permissions role-name="Administrator" actions=""/>
		<permissions role-name="Guest" actions=""/>
		<permissions role-name="Site Owner" actions=""/>
		<permissions role-name="Site Administrator" actions=""/>
		<permissions role-name="Site Member" actions=""/>
	</portlet-data>
	<portlet-data resource-name="com.liferay.portlet.dynamicdatamapping.model.DDMStructure" resource-pk="10308">
		<permissions role-name="User" actions=""/>
		<permissions role-name="Owner" actions="UPDATE,PERMISSIONS,DELETE,VIEW"/>
		<permissions role-name="Power User" actions=""/>
		<permissions role-name="Administrator" actions=""/>
		<permissions role-name="Guest" actions=""/>
		<permissions role-name="Site Owner" actions=""/>
		<permissions role-name="Site Administrator" actions=""/>
		<permissions role-name="Site Member" actions=""/>
	</portlet-data>
	<portlet-data resource-name="com.liferay.portlet.polls" resource-pk="10339">
		<permissions role-name="User" actions=""/>
		<permissions role-name="Owner" actions=""/>
		<permissions role-name="Power User" actions=""/>
		<permissions role-name="Administrator" actions=""/>
		<permissions role-name="Guest" actions=""/>
		<permissions role-name="Site Owner" actions=""/>
		<permissions role-name="Site Administrator" actions=""/>
		<permissions role-name="Site Member" actions=""/>
	</portlet-data>
	<portlet-data resource-name="com.liferay.portlet.mobiledevicerules" resource-pk="10339">
		<permissions role-name="User" actions=""/>
		<permissions role-name="Owner" actions=""/>
		<permissions role-name="Power User" actions=""/>
		<permissions role-name="Administrator" actions=""/>
		<permissions role-name="Guest" actions=""/>
		<permissions role-name="Site Owner" actions=""/>
		<permissions role-name="Site Administrator" actions=""/>
		<permissions role-name="Site Member" actions=""/>
	</portlet-data>
	<portlet-data resource-name="com.liferay.portlet.dynamicdatalist" resource-pk="10339">
		<permissions role-name="User" actions=""/>
		<permissions role-name="Owner" actions=""/>
		<permissions role-name="Power User" actions=""/>
		<permissions role-name="Administrator" actions=""/>
		<permissions role-name="Guest" actions=""/>
		<permissions role-name="Site Owner" actions=""/>
		<permissions role-name="Site Administrator" actions=""/>
		<permissions role-name="Site Member" actions=""/>
	</portlet-data>
	<portlet-data resource-name="com.liferay.portlet.dynamicdatamapping.model.DDMStructure" resource-pk="10304">
		<permissions role-name="User" actions=""/>
		<permissions role-name="Owner" actions="UPDATE,PERMISSIONS,DELETE,VIEW"/>
		<permissions role-name="Power User" actions=""/>
		<permissions role-name="Administrator" actions=""/>
		<permissions role-name="Guest" actions=""/>
		<permissions role-name="Site Owner" actions=""/>
		<permissions role-name="Site Administrator" actions=""/>
		<permissions role-name="Site Member" actions=""/>
	</portlet-data>
	<portlet-data resource-name="com.liferay.portlet.calendar" resource-pk="10339">
		<permissions role-name="User" actions=""/>
		<permissions role-name="Owner" actions="ADD_EVENT,PERMISSIONS,EXPORT_ALL_EVENTS"/>
		<permissions role-name="Power User" actions=""/>
		<permissions role-name="Administrator" actions=""/>
		<permissions role-name="Guest" actions=""/>
		<permissions role-name="Site Owner" actions=""/>
		<permissions role-name="Site Administrator" actions=""/>
		<permissions role-name="Site Member" actions=""/>
	</portlet-data>
	<portlet-data resource-name="com.liferay.portlet.dynamicdatamapping.model.DDMStructure" resource-pk="10306">
		<permissions role-name="User" actions=""/>
		<permissions role-name="Owner" actions="UPDATE,PERMISSIONS,DELETE,VIEW"/>
		<permissions role-name="Power User" actions=""/>
		<permissions role-name="Administrator" actions=""/>
		<permissions role-name="Guest" actions=""/>
		<permissions role-name="Site Owner" actions=""/>
		<permissions role-name="Site Administrator" actions=""/>
		<permissions role-name="Site Member" actions=""/>
	</portlet-data>
	<portlet-data resource-name="com.liferay.portlet.dynamicdatamapping.model.DDMStructure" resource-pk="10300">
		<permissions role-name="User" actions=""/>
		<permissions role-name="Owner" actions="UPDATE,PERMISSIONS,DELETE,VIEW"/>
		<permissions role-name="Power User" actions=""/>
		<permissions role-name="Administrator" actions=""/>
		<permissions role-name="Guest" actions=""/>
		<permissions role-name="Site Owner" actions=""/>
		<permissions role-name="Site Administrator" actions=""/>
		<permissions role-name="Site Member" actions=""/>
	</portlet-data>
	<portlet-data resource-name="com.liferay.portlet.dynamicdatamapping.model.DDMStructure" resource-pk="10302">
		<permissions role-name="User" actions=""/>
		<permissions role-name="Owner" actions="UPDATE,PERMISSIONS,DELETE,VIEW"/>
		<permissions role-name="Power User" actions=""/>
		<permissions role-name="Administrator" actions=""/>
		<permissions role-name="Guest" actions=""/>
		<permissions role-name="Site Owner" actions=""/>
		<permissions role-name="Site Administrator" actions=""/>
		<permissions role-name="Site Member" actions=""/>
	</portlet-data>
</portlet-data-permissions>