<?xml version="1.0"?>

<tags>
	<asset class-name="com.liferay.portlet.dynamicdatamapping.model.DDMStructure" class-pk="10308" tags=""/>
	<asset class-name="com.liferay.portlet.dynamicdatamapping.model.DDMStructure" class-pk="10304" tags=""/>
	<asset class-name="com.liferay.portlet.dynamicdatamapping.model.DDMStructure" class-pk="10306" tags=""/>
	<asset class-name="com.liferay.portlet.documentlibrary.model.DLFileEntryType" class-pk="10301" tags=""/>
	<asset class-name="com.liferay.portlet.dynamicdatamapping.model.DDMStructure" class-pk="10299" tags=""/>
	<asset class-name="com.liferay.portlet.dynamicdatamapping.model.DDMStructure" class-pk="10300" tags=""/>
	<asset class-name="com.liferay.portlet.dynamicdatamapping.model.DDMStructure" class-pk="10298" tags=""/>
	<asset class-name="com.liferay.portlet.documentlibrary.model.DLFileEntryType" class-pk="10303" tags=""/>
	<asset class-name="com.liferay.portlet.documentlibrary.model.DLFileEntryType" class-pk="10305" tags=""/>
	<asset class-name="com.liferay.portlet.dynamicdatamapping.model.DDMStructure" class-pk="10302" tags=""/>
	<asset class-name="com.liferay.portlet.documentlibrary.model.DLFileEntryType" class-pk="10307" tags=""/>
</tags>