<?xml version="1.0"?>

<root>
	<header available-locales="ar_SA,eu_ES,bg_BG,ca_AD,ca_ES,zh_CN,zh_TW,hr_HR,cs_CZ,da_DK,nl_NL,nl_BE,en_US,en_GB,et_EE,fi_FI,fr_FR,gl_ES,de_DE,el_GR,iw_IL,hi_IN,hu_HU,in_ID,it_IT,ja_JP,ko_KR,lo_LA,nb_NO,fa_IR,pl_PL,pt_BR,pt_PT,ro_RO,ru_RU,sr_RS,sr_RS_latin,sl_SI,sk_SK,es_ES,sv_SE,tr_TR,uk_UA,vi_VN" build-number="6102" export-date="Sat, 28 Dec 2013 05:30:36 +0000" company-group-id="10191" group-id="10365" private-layout="true" type-uuid="3fab812c-9a68-4dfd-82b7-5810af3a1a29" type="layout-set-prototype" theme-id="classic" color-scheme-id="01">
		<settings><![CDATA[]]></settings>
		<css><![CDATA[]]></css>
	</header>
	<layouts>
		<layout layout-uuid="299cdefd-e0d7-4e2f-a71f-d44fc3b06891" layout-id="1" path="/groups/10365/layouts/1/layout.xml">
			<permissions>
				<role name="User" title="" description="&lt;?xml version='1.0' encoding='UTF-8'?&gt;&lt;root available-locales=&quot;en_US&quot; default-locale=&quot;en_US&quot;&gt;&lt;Description language-id=&quot;en_US&quot;&gt;Authenticated users should be assigned this role.&lt;/Description&gt;&lt;/root&gt;" type="1" subType=""/>
				<role name="Owner" title="" description="&lt;?xml version='1.0' encoding='UTF-8'?&gt;&lt;root available-locales=&quot;en_US&quot; default-locale=&quot;en_US&quot;&gt;&lt;Description language-id=&quot;en_US&quot;&gt;This is an implied role with respect to the objects users create.&lt;/Description&gt;&lt;/root&gt;" type="1" subType="">
					<action-key>UPDATE</action-key>
					<action-key>ADD_LAYOUT</action-key>
					<action-key>PERMISSIONS</action-key>
					<action-key>DELETE</action-key>
					<action-key>VIEW</action-key>
					<action-key>CUSTOMIZE</action-key>
					<action-key>CONFIGURE_PORTLETS</action-key>
					<action-key>UPDATE_DISCUSSION</action-key>
					<action-key>DELETE_DISCUSSION</action-key>
					<action-key>ADD_DISCUSSION</action-key>
				</role>
				<role name="Power User" title="" description="&lt;?xml version='1.0' encoding='UTF-8'?&gt;&lt;root available-locales=&quot;en_US&quot; default-locale=&quot;en_US&quot;&gt;&lt;Description language-id=&quot;en_US&quot;&gt;Power Users have their own personal site.&lt;/Description&gt;&lt;/root&gt;" type="1" subType=""/>
				<role name="Guest" title="" description="&lt;?xml version='1.0' encoding='UTF-8'?&gt;&lt;root available-locales=&quot;en_US&quot; default-locale=&quot;en_US&quot;&gt;&lt;Description language-id=&quot;en_US&quot;&gt;Unauthenticated users always have this role.&lt;/Description&gt;&lt;/root&gt;" type="1" subType="">
					<action-key>VIEW</action-key>
				</role>
				<role name="Site Owner" title="" description="&lt;?xml version='1.0' encoding='UTF-8'?&gt;&lt;root available-locales=&quot;en_US&quot; default-locale=&quot;en_US&quot;&gt;&lt;Description language-id=&quot;en_US&quot;&gt;Site Owners are super users of their site and can assign site roles to users.&lt;/Description&gt;&lt;/root&gt;" type="2" subType=""/>
				<role name="Site Administrator" title="" description="&lt;?xml version='1.0' encoding='UTF-8'?&gt;&lt;root available-locales=&quot;en_US&quot; default-locale=&quot;en_US&quot;&gt;&lt;Description language-id=&quot;en_US&quot;&gt;Site Administrators are super users of their site but cannot make other users into Site Administrators.&lt;/Description&gt;&lt;/root&gt;" type="2" subType=""/>
				<role name="Site Member" title="" description="&lt;?xml version='1.0' encoding='UTF-8'?&gt;&lt;root available-locales=&quot;en_US&quot; default-locale=&quot;en_US&quot;&gt;&lt;Description language-id=&quot;en_US&quot;&gt;All users who belong to a site have this role within that site.&lt;/Description&gt;&lt;/root&gt;" type="2" subType="">
					<action-key>VIEW</action-key>
					<action-key>CUSTOMIZE</action-key>
					<action-key>ADD_DISCUSSION</action-key>
				</role>
			</permissions>
		</layout>
		<layout layout-uuid="47ad237a-1155-47c8-8794-fe681a95228f" layout-id="2" path="/groups/10365/layouts/2/layout.xml">
			<permissions>
				<role name="User" title="" description="&lt;?xml version='1.0' encoding='UTF-8'?&gt;&lt;root available-locales=&quot;en_US&quot; default-locale=&quot;en_US&quot;&gt;&lt;Description language-id=&quot;en_US&quot;&gt;Authenticated users should be assigned this role.&lt;/Description&gt;&lt;/root&gt;" type="1" subType=""/>
				<role name="Owner" title="" description="&lt;?xml version='1.0' encoding='UTF-8'?&gt;&lt;root available-locales=&quot;en_US&quot; default-locale=&quot;en_US&quot;&gt;&lt;Description language-id=&quot;en_US&quot;&gt;This is an implied role with respect to the objects users create.&lt;/Description&gt;&lt;/root&gt;" type="1" subType="">
					<action-key>UPDATE</action-key>
					<action-key>ADD_LAYOUT</action-key>
					<action-key>PERMISSIONS</action-key>
					<action-key>DELETE</action-key>
					<action-key>VIEW</action-key>
					<action-key>CUSTOMIZE</action-key>
					<action-key>CONFIGURE_PORTLETS</action-key>
					<action-key>UPDATE_DISCUSSION</action-key>
					<action-key>DELETE_DISCUSSION</action-key>
					<action-key>ADD_DISCUSSION</action-key>
				</role>
				<role name="Power User" title="" description="&lt;?xml version='1.0' encoding='UTF-8'?&gt;&lt;root available-locales=&quot;en_US&quot; default-locale=&quot;en_US&quot;&gt;&lt;Description language-id=&quot;en_US&quot;&gt;Power Users have their own personal site.&lt;/Description&gt;&lt;/root&gt;" type="1" subType=""/>
				<role name="Guest" title="" description="&lt;?xml version='1.0' encoding='UTF-8'?&gt;&lt;root available-locales=&quot;en_US&quot; default-locale=&quot;en_US&quot;&gt;&lt;Description language-id=&quot;en_US&quot;&gt;Unauthenticated users always have this role.&lt;/Description&gt;&lt;/root&gt;" type="1" subType="">
					<action-key>VIEW</action-key>
				</role>
				<role name="Site Owner" title="" description="&lt;?xml version='1.0' encoding='UTF-8'?&gt;&lt;root available-locales=&quot;en_US&quot; default-locale=&quot;en_US&quot;&gt;&lt;Description language-id=&quot;en_US&quot;&gt;Site Owners are super users of their site and can assign site roles to users.&lt;/Description&gt;&lt;/root&gt;" type="2" subType=""/>
				<role name="Site Administrator" title="" description="&lt;?xml version='1.0' encoding='UTF-8'?&gt;&lt;root available-locales=&quot;en_US&quot; default-locale=&quot;en_US&quot;&gt;&lt;Description language-id=&quot;en_US&quot;&gt;Site Administrators are super users of their site but cannot make other users into Site Administrators.&lt;/Description&gt;&lt;/root&gt;" type="2" subType=""/>
				<role name="Site Member" title="" description="&lt;?xml version='1.0' encoding='UTF-8'?&gt;&lt;root available-locales=&quot;en_US&quot; default-locale=&quot;en_US&quot;&gt;&lt;Description language-id=&quot;en_US&quot;&gt;All users who belong to a site have this role within that site.&lt;/Description&gt;&lt;/root&gt;" type="2" subType="">
					<action-key>VIEW</action-key>
					<action-key>CUSTOMIZE</action-key>
					<action-key>ADD_DISCUSSION</action-key>
				</role>
			</permissions>
		</layout>
		<layout layout-uuid="5b245ce4-3d0b-4ea2-a8a3-50088d74ea7d" layout-id="3" path="/groups/10365/layouts/3/layout.xml">
			<permissions>
				<role name="User" title="" description="&lt;?xml version='1.0' encoding='UTF-8'?&gt;&lt;root available-locales=&quot;en_US&quot; default-locale=&quot;en_US&quot;&gt;&lt;Description language-id=&quot;en_US&quot;&gt;Authenticated users should be assigned this role.&lt;/Description&gt;&lt;/root&gt;" type="1" subType=""/>
				<role name="Owner" title="" description="&lt;?xml version='1.0' encoding='UTF-8'?&gt;&lt;root available-locales=&quot;en_US&quot; default-locale=&quot;en_US&quot;&gt;&lt;Description language-id=&quot;en_US&quot;&gt;This is an implied role with respect to the objects users create.&lt;/Description&gt;&lt;/root&gt;" type="1" subType="">
					<action-key>UPDATE</action-key>
					<action-key>ADD_LAYOUT</action-key>
					<action-key>PERMISSIONS</action-key>
					<action-key>DELETE</action-key>
					<action-key>VIEW</action-key>
					<action-key>CUSTOMIZE</action-key>
					<action-key>CONFIGURE_PORTLETS</action-key>
					<action-key>UPDATE_DISCUSSION</action-key>
					<action-key>DELETE_DISCUSSION</action-key>
					<action-key>ADD_DISCUSSION</action-key>
				</role>
				<role name="Power User" title="" description="&lt;?xml version='1.0' encoding='UTF-8'?&gt;&lt;root available-locales=&quot;en_US&quot; default-locale=&quot;en_US&quot;&gt;&lt;Description language-id=&quot;en_US&quot;&gt;Power Users have their own personal site.&lt;/Description&gt;&lt;/root&gt;" type="1" subType=""/>
				<role name="Guest" title="" description="&lt;?xml version='1.0' encoding='UTF-8'?&gt;&lt;root available-locales=&quot;en_US&quot; default-locale=&quot;en_US&quot;&gt;&lt;Description language-id=&quot;en_US&quot;&gt;Unauthenticated users always have this role.&lt;/Description&gt;&lt;/root&gt;" type="1" subType="">
					<action-key>VIEW</action-key>
				</role>
				<role name="Site Owner" title="" description="&lt;?xml version='1.0' encoding='UTF-8'?&gt;&lt;root available-locales=&quot;en_US&quot; default-locale=&quot;en_US&quot;&gt;&lt;Description language-id=&quot;en_US&quot;&gt;Site Owners are super users of their site and can assign site roles to users.&lt;/Description&gt;&lt;/root&gt;" type="2" subType=""/>
				<role name="Site Administrator" title="" description="&lt;?xml version='1.0' encoding='UTF-8'?&gt;&lt;root available-locales=&quot;en_US&quot; default-locale=&quot;en_US&quot;&gt;&lt;Description language-id=&quot;en_US&quot;&gt;Site Administrators are super users of their site but cannot make other users into Site Administrators.&lt;/Description&gt;&lt;/root&gt;" type="2" subType=""/>
				<role name="Site Member" title="" description="&lt;?xml version='1.0' encoding='UTF-8'?&gt;&lt;root available-locales=&quot;en_US&quot; default-locale=&quot;en_US&quot;&gt;&lt;Description language-id=&quot;en_US&quot;&gt;All users who belong to a site have this role within that site.&lt;/Description&gt;&lt;/root&gt;" type="2" subType="">
					<action-key>VIEW</action-key>
					<action-key>CUSTOMIZE</action-key>
					<action-key>ADD_DISCUSSION</action-key>
				</role>
			</permissions>
		</layout>
		<layout layout-uuid="6b9ab29c-13a3-4d1a-82c6-4536c1920284" layout-id="4" path="/groups/10365/layouts/4/layout.xml">
			<permissions>
				<role name="User" title="" description="&lt;?xml version='1.0' encoding='UTF-8'?&gt;&lt;root available-locales=&quot;en_US&quot; default-locale=&quot;en_US&quot;&gt;&lt;Description language-id=&quot;en_US&quot;&gt;Authenticated users should be assigned this role.&lt;/Description&gt;&lt;/root&gt;" type="1" subType=""/>
				<role name="Owner" title="" description="&lt;?xml version='1.0' encoding='UTF-8'?&gt;&lt;root available-locales=&quot;en_US&quot; default-locale=&quot;en_US&quot;&gt;&lt;Description language-id=&quot;en_US&quot;&gt;This is an implied role with respect to the objects users create.&lt;/Description&gt;&lt;/root&gt;" type="1" subType="">
					<action-key>UPDATE</action-key>
					<action-key>ADD_LAYOUT</action-key>
					<action-key>PERMISSIONS</action-key>
					<action-key>DELETE</action-key>
					<action-key>VIEW</action-key>
					<action-key>CUSTOMIZE</action-key>
					<action-key>CONFIGURE_PORTLETS</action-key>
					<action-key>UPDATE_DISCUSSION</action-key>
					<action-key>DELETE_DISCUSSION</action-key>
					<action-key>ADD_DISCUSSION</action-key>
				</role>
				<role name="Power User" title="" description="&lt;?xml version='1.0' encoding='UTF-8'?&gt;&lt;root available-locales=&quot;en_US&quot; default-locale=&quot;en_US&quot;&gt;&lt;Description language-id=&quot;en_US&quot;&gt;Power Users have their own personal site.&lt;/Description&gt;&lt;/root&gt;" type="1" subType=""/>
				<role name="Guest" title="" description="&lt;?xml version='1.0' encoding='UTF-8'?&gt;&lt;root available-locales=&quot;en_US&quot; default-locale=&quot;en_US&quot;&gt;&lt;Description language-id=&quot;en_US&quot;&gt;Unauthenticated users always have this role.&lt;/Description&gt;&lt;/root&gt;" type="1" subType="">
					<action-key>VIEW</action-key>
				</role>
				<role name="Site Owner" title="" description="&lt;?xml version='1.0' encoding='UTF-8'?&gt;&lt;root available-locales=&quot;en_US&quot; default-locale=&quot;en_US&quot;&gt;&lt;Description language-id=&quot;en_US&quot;&gt;Site Owners are super users of their site and can assign site roles to users.&lt;/Description&gt;&lt;/root&gt;" type="2" subType=""/>
				<role name="Site Administrator" title="" description="&lt;?xml version='1.0' encoding='UTF-8'?&gt;&lt;root available-locales=&quot;en_US&quot; default-locale=&quot;en_US&quot;&gt;&lt;Description language-id=&quot;en_US&quot;&gt;Site Administrators are super users of their site but cannot make other users into Site Administrators.&lt;/Description&gt;&lt;/root&gt;" type="2" subType=""/>
				<role name="Site Member" title="" description="&lt;?xml version='1.0' encoding='UTF-8'?&gt;&lt;root available-locales=&quot;en_US&quot; default-locale=&quot;en_US&quot;&gt;&lt;Description language-id=&quot;en_US&quot;&gt;All users who belong to a site have this role within that site.&lt;/Description&gt;&lt;/root&gt;" type="2" subType="">
					<action-key>VIEW</action-key>
					<action-key>CUSTOMIZE</action-key>
					<action-key>ADD_DISCUSSION</action-key>
				</role>
			</permissions>
		</layout>
	</layouts>
	<portlets>
		<portlet portlet-id="19" layout-id="1" path="/groups/10365/portlets/19/10373/portlet.xml"/>
		<portlet portlet-id="178" layout-id="1" path="/groups/10365/portlets/178/10373/portlet.xml"/>
		<portlet portlet-id="8" layout-id="1" path="/groups/10365/portlets/8/10373/portlet.xml"/>
		<portlet portlet-id="161" layout-id="1" path="/groups/10365/portlets/161/10373/portlet.xml"/>
		<portlet portlet-id="162" layout-id="1" path="/groups/10365/portlets/162/10373/portlet.xml"/>
		<portlet portlet-id="167" layout-id="1" path="/groups/10365/portlets/167/10373/portlet.xml"/>
		<portlet portlet-id="56" layout-id="1" path="/groups/10365/portlets/56/10373/portlet.xml"/>
		<portlet portlet-id="20" layout-id="1" path="/groups/10365/portlets/20/10373/portlet.xml"/>
		<portlet portlet-id="28" layout-id="1" path="/groups/10365/portlets/28/10373/portlet.xml"/>
		<portlet portlet-id="15" layout-id="1" path="/groups/10365/portlets/15/10373/portlet.xml"/>
		<portlet portlet-id="169" layout-id="1" path="/groups/10365/portlets/169/10373/portlet.xml"/>
		<portlet portlet-id="25" layout-id="1" path="/groups/10365/portlets/25/10373/portlet.xml"/>
		<portlet portlet-id="166" layout-id="1" path="/groups/10365/portlets/166/10373/portlet.xml"/>
		<portlet portlet-id="33" layout-id="1" path="/groups/10365/portlets/33/10373/portlet.xml"/>
		<portlet portlet-id="116" layout-id="1" path="/groups/10365/portlets/116/10373/portlet.xml"/>
		<portlet portlet-id="3" layout-id="1" path="/groups/10365/portlets/3/10373/portlet.xml"/>
		<portlet portlet-id="82" layout-id="1" path="/groups/10365/portlets/82/10373/portlet.xml"/>
		<portlet portlet-id="101_INSTANCE_4jQ62b9eR0h4" layout-id="1" path="/groups/10365/portlets/101_INSTANCE_4jQ62b9eR0h4/10373/portlet.xml"/>
		<portlet portlet-id="20" layout-id="2" path="/groups/10365/portlets/20/10381/portlet.xml"/>
		<portlet portlet-id="8" layout-id="3" path="/groups/10365/portlets/8/10387/portlet.xml"/>
		<portlet portlet-id="101_INSTANCE_p86iWXysXv5Q" layout-id="3" path="/groups/10365/portlets/101_INSTANCE_p86iWXysXv5Q/10387/portlet.xml"/>
		<portlet portlet-id="39_INSTANCE_XkNpa8BRKqSk" layout-id="4" path="/groups/10365/portlets/39_INSTANCE_XkNpa8BRKqSk/10393/portlet.xml"/>
		<portlet portlet-id="39_INSTANCE_1uQghfcOTkhg" layout-id="4" path="/groups/10365/portlets/39_INSTANCE_1uQghfcOTkhg/10393/portlet.xml"/>
	</portlets>
</root>