<?xml version="1.0"?>

<documentlibrary-data group-id="10339">
	<file-entry-types>
		<file-entry-type structureUuids="8abdcbdb-55a2-47ac-924f-b551222a2a5f" path="/groups/10339/portlets/20/entry-types/10301.xml">
			<structure preloaded="true" path="/groups/10339/portlets/166/structures/10302.xml" class-name="com.liferay.portlet.documentlibrary.model.DLFileEntryMetadata"/>
		</file-entry-type>
		<file-entry-type structureUuids="b569703b-84c6-4e0f-b57b-390cf1dfe0d6,84263854-84a8-4813-bfe5-f3b4fb211249" path="/groups/10339/portlets/20/entry-types/10303.xml">
			<structure preloaded="true" path="/groups/10339/portlets/166/structures/10299.xml" class-name="com.liferay.portlet.documentlibrary.model.DLFileEntryMetadata"/>
			<structure preloaded="true" path="/groups/10339/portlets/166/structures/10304.xml" class-name="com.liferay.portlet.documentlibrary.model.DLFileEntryMetadata"/>
		</file-entry-type>
		<file-entry-type structureUuids="ec3bb413-0916-4fc1-a788-0b564f2c82c2,d11aa25a-9048-481c-9ad1-fabc3b0f9121" path="/groups/10339/portlets/20/entry-types/10305.xml">
			<structure preloaded="true" path="/groups/10339/portlets/166/structures/10298.xml" class-name="com.liferay.portlet.documentlibrary.model.DLFileEntryMetadata"/>
			<structure preloaded="true" path="/groups/10339/portlets/166/structures/10306.xml" class-name="com.liferay.portlet.documentlibrary.model.DLFileEntryMetadata"/>
		</file-entry-type>
		<file-entry-type structureUuids="64d04bf4-4389-4a9f-aecd-6290376f607e,05d36be2-2525-4a3c-bdb9-2c1a238a3533" path="/groups/10339/portlets/20/entry-types/10307.xml">
			<structure preloaded="true" path="/groups/10339/portlets/166/structures/10300.xml" class-name="com.liferay.portlet.documentlibrary.model.DLFileEntryMetadata"/>
			<structure preloaded="true" path="/groups/10339/portlets/166/structures/10308.xml" class-name="com.liferay.portlet.documentlibrary.model.DLFileEntryMetadata"/>
		</file-entry-type>
	</file-entry-types>
	<folders/>
	<file-entries/>
	<file-shortcuts/>
	<file-ranks/>
	<repositories/>
	<repository-entries/>
</documentlibrary-data>