<?xml version="1.0"?>

<portlet portlet-id="39_INSTANCE_XkNpa8BRKqSk" root-portlet-id="39" old-plid="10393" scope-layout-type="" scope-layout-uuid="" private-layout="true">
	<portlet-preferences path="/groups/10365/portlets/39_INSTANCE_XkNpa8BRKqSk/preferences/layout/0/10393/portlet-preferences.xml"/>
	<permissions>
		<role name="User" title="" description="&lt;?xml version='1.0' encoding='UTF-8'?&gt;&lt;root available-locales=&quot;en_US&quot; default-locale=&quot;en_US&quot;&gt;&lt;Description language-id=&quot;en_US&quot;&gt;Authenticated users should be assigned this role.&lt;/Description&gt;&lt;/root&gt;" type="1" subType=""/>
		<role name="Owner" title="" description="&lt;?xml version='1.0' encoding='UTF-8'?&gt;&lt;root available-locales=&quot;en_US&quot; default-locale=&quot;en_US&quot;&gt;&lt;Description language-id=&quot;en_US&quot;&gt;This is an implied role with respect to the objects users create.&lt;/Description&gt;&lt;/root&gt;" type="1" subType="">
			<action-key>CONFIGURATION</action-key>
			<action-key>PERMISSIONS</action-key>
			<action-key>VIEW</action-key>
			<action-key>ADD_TO_PAGE</action-key>
		</role>
		<role name="Power User" title="" description="&lt;?xml version='1.0' encoding='UTF-8'?&gt;&lt;root available-locales=&quot;en_US&quot; default-locale=&quot;en_US&quot;&gt;&lt;Description language-id=&quot;en_US&quot;&gt;Power Users have their own personal site.&lt;/Description&gt;&lt;/root&gt;" type="1" subType=""/>
		<role name="Guest" title="" description="&lt;?xml version='1.0' encoding='UTF-8'?&gt;&lt;root available-locales=&quot;en_US&quot; default-locale=&quot;en_US&quot;&gt;&lt;Description language-id=&quot;en_US&quot;&gt;Unauthenticated users always have this role.&lt;/Description&gt;&lt;/root&gt;" type="1" subType=""/>
		<role name="Site Owner" title="" description="&lt;?xml version='1.0' encoding='UTF-8'?&gt;&lt;root available-locales=&quot;en_US&quot; default-locale=&quot;en_US&quot;&gt;&lt;Description language-id=&quot;en_US&quot;&gt;Site Owners are super users of their site and can assign site roles to users.&lt;/Description&gt;&lt;/root&gt;" type="2" subType=""/>
		<role name="Site Administrator" title="" description="&lt;?xml version='1.0' encoding='UTF-8'?&gt;&lt;root available-locales=&quot;en_US&quot; default-locale=&quot;en_US&quot;&gt;&lt;Description language-id=&quot;en_US&quot;&gt;Site Administrators are super users of their site but cannot make other users into Site Administrators.&lt;/Description&gt;&lt;/root&gt;" type="2" subType=""/>
		<role name="Site Member" title="" description="&lt;?xml version='1.0' encoding='UTF-8'?&gt;&lt;root available-locales=&quot;en_US&quot; default-locale=&quot;en_US&quot;&gt;&lt;Description language-id=&quot;en_US&quot;&gt;All users who belong to a site have this role within that site.&lt;/Description&gt;&lt;/root&gt;" type="2" subType="">
			<action-key>VIEW</action-key>
		</role>
	</permissions>
</portlet>